<?xml version="1.0" encoding="UTF-8"?>
<!DOCTYPE suite SYSTEM "https://testng.org/testng-1.0.dtd">

<suite parallel="tests" name="Suite" verbose="5">
  
  <test  parallel="classes" name="Test1">
    
    <classes>
      
      <class name="testcases.CreateLead"/>
      <class name="testcases.EditLead"/>
      
    </classes>
    
  </test> <!-- Test -->
  
   
   
   <test  parallel="classes" name="Test2">
    
    <classes>
      
      <class name="testcases.CreateLead"/>
      <class name="testcases.EditLead"/>
      
    </classes>
    
  </test> <!-- Test -->
  

 </suite> <!-- Suite -->
